id,dur,proto,service,state,spkts,dpkts,sbytes,dbytes,rate,sttl,dttl,sload,dload,sloss,dloss,sinpkt,dinpkt,sjit,djit,swin,stcpb,dtcpb,dwin,tcprtt,synack,ackdat,smean,dmean,trans_depth,response_body_len,ct_srv_src,ct_state_ttl,ct_dst_ltm,ct_src_dport_ltm,ct_dst_sport_ltm,ct_dst_src_ltm,is_ftp_login,ct_ftp_cmd,ct_flw_http_mthd,ct_src_ltm,ct_srv_dst,is_sm_ips_ports,attack_cat,label
18,0.393556,tcp,http,FIN,10,8,860,1096,43.195886,62,252,15733.46582,19494.04883,2,2,43.728444,47.669145,2124.837873,71.805867,255,3882971404,3084071099,255,0.120313,0.059201,0.061112,86,137,1,103,3,1,1,1,1,2,0,0,1,1,3,0,Normal,0
622,0.509272,tcp,-,FIN,16,18,1540,1644,64.798381,31,29,22683.36133,24395.60938,4,4,33.930198,26.707234,2457.637834,97.265875,255,649425201,3341421424,255,0.056994,0.055248,0.001746,96,91,0,0,14,0,15,14,1,5,0,0,0,15,17,0,Normal,0
1871,0.004014,tcp,-,FIN,12,12,1064,2260,5729.945433,31,29,1945191.875,4129546.75,4,4,0.334455,0.307727,16.830655,0.376647,255,1952129771,4097843594,255,7.47E-4,6.2E-4,1.27E-4,89,188,0,0,16,0,6,1,1,3,0,0,0,13,11,0,Normal,0
2249,0.01893,tcp,-,FIN,16,18,1540,1644,1743.264722,31,29,610248.3125,656312.75,4,4,1.242,1.155125,76.094694,2.166126,255,707235182,712751013,255,5.59E-4,4.43E-4,1.16E-4,96,91,0,0,13,0,9,6,1,6,0,0,0,8,13,0,Normal,0
2284,0.001106,udp,dns,CON,2,2,146,178,2712.477299,31,29,528028.9375,643761.25,0,0,0.01,0.001,0.0,0.0,0,0,0,0,0.0,0.0,0.0,73,89,0,0,4,0,4,2,1,2,0,0,0,9,1,0,Normal,0
2495,0.018181,tcp,-,FIN,16,18,1540,1644,1815.081688,31,29,635388.625,683350.75,4,4,1.191667,1.042177,72.075283,2.208613,255,2407586457,266239130,255,5.73E-4,4.6E-4,1.13E-4,96,91,0,0,12,0,16,11,1,6,0,0,0,14,18,0,Normal,0
2957,0.017708,tcp,-,FIN,16,18,1540,1644,1863.564512,31,29,652360.5,701603.8125,4,4,1.1596,1.015235,70.24888,2.072804,255,4022817322,1881884267,255,5.62E-4,4.46E-4,1.16E-4,96,91,0,0,12,0,3,6,1,3,0,0,0,8,9,0,Normal,0
3450,1.094764,tcp,http,FIN,12,18,1580,10168,26.489728,31,29,10588.58398,70181.33594,3,5,99.492183,64.366827,9572.468548,7707.7982,255,3912171753,3913213299,255,6.5E-4,5.25E-4,1.25E-4,132,565,1,3924,3,0,4,1,1,3,0,0,1,4,2,0,Normal,0
3669,0.005183,tcp,-,FIN,18,18,4136,2456,6752.845689,31,29,6030484.0,3580937.5,7,7,0.260235,0.272647,12.878437,0.359767,255,3670167878,3677554315,255,6.92E-4,5.44E-4,1.48E-4,230,136,0,0,14,0,1,1,1,1,0,0,0,1,2,0,Normal,0
3871,0.846888,tcp,-,FIN,122,126,7810,14540,291.656038,31,29,73171.42188,136263.5938,30,32,6.988074,6.770664,420.922897,414.823834,255,407628316,408645676,255,6.73E-4,5.52E-4,1.21E-4,64,115,0,0,10,0,2,1,1,3,0,0,0,1,12,0,Normal,0
4446,0.00484,tcp,ftp-data,FIN,8,12,424,8824,3925.61978,31,29,613223.125,1.3370248E7,1,4,0.649,0.391818,40.497209,21.279978,255,3035017862,892306409,255,6.78E-4,5.27E-4,1.51E-4,53,735,0,0,2,0,4,1,1,4,0,0,0,7,2,0,Normal,0
6774,0.257372,tcp,ftp-data,FIN,14,6,8928,320,73.823107,31,29,257712.5781,8299.271484,4,1,19.797846,51.350199,1723.727827,71.85207,255,4283470599,2933963607,255,6.2E-4,4.88E-4,1.32E-4,638,53,0,0,10,0,3,1,1,8,0,0,0,6,6,0,Normal,0
7106,0.006964,tcp,ssh,FIN,30,26,3624,5578,7897.759974,31,29,4025272.75,6161976.0,7,7,0.240138,0.22348,13.347825,13.579914,255,1498339620,3648254623,255,7.58E-4,6.3E-4,1.28E-4,121,215,0,0,1,0,3,1,1,1,0,0,0,3,1,0,Normal,0
7403,1.088833,tcp,http,FIN,12,18,1580,10168,26.634021,31,29,10646.26074,70563.625,3,5,98.952908,64.021059,9565.431221,7702.400579,255,315237448,2465818670,255,6.75E-4,4.72E-4,2.03E-4,132,565,1,3924,2,0,2,2,1,1,0,0,1,3,1,0,Normal,0
7493,0.021268,tcp,smtp,FIN,52,42,37372,3380,4372.766428,31,29,1.3787474E7,1241301.5,18,8,0.410059,0.505317,21.986551,0.878954,255,1463376561,1464478337,255,7.06E-4,5.47E-4,1.59E-4,719,80,0,0,1,0,5,1,1,2,0,0,0,3,1,0,Normal,0
7541,0.009786,tcp,-,FIN,18,18,4528,2456,3576.538078,31,29,3496423.75,1896587.0,7,7,0.498588,0.543353,30.645588,0.848691,255,2181280595,2188913491,255,7.47E-4,5.47E-4,2.0E-4,252,136,0,0,8,0,5,1,1,2,0,0,0,2,7,0,Normal,0
9233,1.164907,tcp,http,FIN,14,18,1684,10168,26.611567,31,29,10740.77148,65955.48438,3,5,89.579767,68.491471,8838.706377,7739.372941,255,2738958259,602372100,255,6.88E-4,5.48E-4,1.4E-4,120,565,1,3924,1,0,3,1,1,1,0,0,1,1,4,0,Normal,0
10039,0.02817,tcp,http,FIN,8,10,1058,822,603.478862,31,29,262974.7813,210152.6406,2,2,3.974572,3.079889,231.147056,5.572125,255,1326087892,1327567262,255,5.73E-4,4.47E-4,1.26E-4,132,82,1,82,2,0,4,2,1,1,0,0,1,8,1,0,Normal,0
10238,0.001068,udp,dns,CON,2,2,146,178,2808.988808,31,29,546816.5,666666.6875,0,0,0.01,0.005,0.0,0.0,0,0,0,0,0.0,0.0,0.0,73,89,0,0,3,0,2,1,1,2,0,0,0,2,5,0,Normal,0
10502,0.753796,tcp,smtp,FIN,52,40,37268,3276,120.72232,31,29,387924.5938,33908.37891,18,8,14.773216,19.313871,1193.707871,38.877953,255,1714095431,1754103130,255,7.21E-4,5.51E-4,1.7E-4,717,82,0,0,1,0,1,1,1,1,0,0,0,4,1,0,Normal,0
11925,0.001028,udp,dns,CON,2,2,130,162,2918.287859,31,29,505836.5625,630350.1875,0,0,0.007,0.005,0.0,0.0,0,0,0,0,0.0,0.0,0.0,65,81,0,0,2,0,1,1,1,3,0,0,0,7,1,0,Normal,0
12520,0.139285,tcp,ftp-data,FIN,6,8,320,1826,93.333813,31,29,15335.46387,91783.03906,1,2,27.794,23.1255,1955.442802,51.385336,255,1923901515,2181019848,255,6.76E-4,5.28E-4,1.48E-4,53,228,0,0,6,0,1,1,1,1,0,0,0,6,1,0,Normal,0
13074,0.001094,udp,dns,CON,2,2,146,178,2742.230477,31,29,533820.875,650822.6875,0,0,0.008,0.007,0.0,0.0,0,0,0,0,0.0,0.0,0.0,73,89,0,0,1,0,2,1,1,1,0,0,0,2,2,0,Normal,0
13299,0.001069,udp,dns,CON,2,2,130,162,2806.361109,31,29,486435.9375,606174.0,0,0,0.009,0.008,0.0,0.0,0,0,0,0,0.0,0.0,0.0,65,81,0,0,2,0,1,1,1,3,0,0,0,5,2,0,Normal,0
13638,0.006169,tcp,ssh,FIN,32,24,3728,5474,8915.545217,31,29,4684065.5,6803047.5,7,7,0.199,0.236609,12.527219,0.348331,255,1121445932,1121723220,255,7.44E-4,6.02E-4,1.42E-4,117,228,0,0,2,0,3,1,1,1,0,0,0,1,1,0,Normal,0
14656,0.329543,tcp,ssh,FIN,32,24,3728,5474,166.897798,31,29,87685.07031,127352.125,7,7,10.630419,14.267087,646.982085,19.022213,255,1439517211,1439818452,255,0.001434,0.001265,1.69E-4,117,228,0,0,3,0,1,1,1,1,0,0,0,2,2,0,Normal,0
15034,0.03887,tcp,-,FIN,90,92,5174,83812,4656.547544,31,29,1053151.5,1.7062208E7,7,39,0.438182,0.420846,22.731711,22.333916,255,984549403,984848530,255,6.96E-4,5.65E-4,1.31E-4,57,911,0,0,2,0,10,1,1,4,0,0,0,4,9,0,Normal,0
15731,0.001075,udp,dns,CON,2,2,146,178,2790.69758,31,29,543255.8125,662325.5625,0,0,0.008,0.009,0.0,0.0,0,0,0,0,0.0,0.0,0.0,73,89,0,0,4,0,2,1,1,3,0,0,0,4,2,0,Normal,0
15850,0.001063,udp,dns,CON,2,2,146,178,2822.201463,31,29,549388.5625,669802.5,0,0,0.008,0.007,0.0,0.0,0,0,0,0,0.0,0.0,0.0,73,89,0,0,5,0,4,2,1,3,0,0,0,8,2,0,Normal,0
15937,0.004894,tcp,-,FIN,18,18,4528,2456,7151.614203,31,29,6991418.0,3792398.75,7,7,0.270235,0.257176,13.440377,0.344173,255,4007490115,1865169177,255,6.5E-4,5.19E-4,1.31E-4,252,136,0,0,6,0,4,1,1,3,0,0,0,4,8,0,Normal,0
16427,1.329816,tcp,ssh,FIN,126,124,12648,13202,187.243952,31,29,75487.13281,78783.83594,35,33,10.724322,10.805797,951.496583,956.978778,255,2864657813,715401472,255,9.26E-4,5.77E-4,3.49E-4,100,106,0,0,1,0,3,1,1,2,0,0,0,2,1,0,Normal,0
16458,0.013937,tcp,-,FIN,38,40,2438,19266,5524.861805,31,29,1362703.625,1.0782808E7,7,13,0.368243,0.327641,21.132185,20.24746,255,1869062934,4047095019,255,0.001306,0.001155,1.51E-4,64,482,0,0,3,0,1,1,1,1,0,0,0,3,2,0,Normal,0
16471,0.222577,tcp,ftp-data,FIN,8,12,424,8824,85.363715,31,29,13334.71094,290739.8125,1,4,31.752285,20.192272,2153.405179,1716.599459,255,1435082518,1694173443,255,5.9E-4,4.59E-4,1.31E-4,53,735,0,0,2,0,6,1,1,2,0,0,0,3,2,0,Normal,0
18012,0.26041,tcp,-,FIN,22,24,1920,4312,172.804417,31,29,56311.19922,126969.0078,6,6,12.384,11.296826,714.08115,685.154372,255,2712664439,563373643,255,7.11E-4,5.74E-4,1.37E-4,87,180,0,0,2,0,3,1,1,1,0,0,0,1,9,0,Normal,0
18722,0.612359,tcp,-,FIN,22,24,1958,2308,73.486306,31,29,24417.05078,28898.08203,6,6,29.142715,27.807274,0.0,1936.708196,255,3478535889,3478828127,255,7.2E-4,5.9E-4,1.3E-4,89,96,0,0,4,0,3,2,1,2,0,0,0,4,5,0,Normal,0
19041,0.007099,tcp,ssh,FIN,32,24,3728,5474,7747.570292,31,29,4070432.5,5911818.5,7,7,0.229,0.270435,15.408732,0.42135,255,3870344513,1721063707,255,7.24E-4,5.81E-4,1.43E-4,117,228,0,0,1,0,2,1,1,2,0,0,0,4,1,0,Normal,0
20865,1.282786,tcp,ftp,FIN,52,54,2934,3742,81.853091,31,29,17948.43359,22906.39258,11,15,25.146744,24.193641,1796.825367,60.021441,255,1188514144,1194844258,255,6.45E-4,5.2E-4,1.25E-4,56,69,0,0,2,0,5,1,1,4,1,1,0,5,1,0,Normal,0
22065,0.035124,udp,-,CON,4,4,520,304,199.293929,31,29,88828.14844,51930.30469,0,0,6.662333,7.675667,9.414185,10.844426,0,0,0,0,0.0,0.0,0.0,130,76,0,0,6,0,3,1,1,4,0,0,0,6,9,0,Normal,0
22475,0.324824,tcp,smtp,FIN,54,42,37938,3380,292.466069,31,29,917075.0625,81274.78125,19,8,6.122453,7.910537,632.255618,21.586129,255,756393376,2902762171,255,6.12E-4,4.88E-4,1.24E-4,703,80,0,0,1,0,4,1,1,2,0,0,0,2,1,0,Normal,0
22495,0.001678,udp,-,CON,4,4,520,304,4171.632967,31,29,1859356.375,1087008.375,0,0,0.431667,0.2,0.605519,0.274357,0,0,0,0,0.0,0.0,0.0,130,76,0,0,12,0,4,1,1,3,0,0,0,8,4,0,Normal,0
22540,0.119082,tcp,-,FIN,22,26,2054,2582,394.686027,31,29,131741.1563,166809.4375,6,6,5.93595,4.939875,408.834947,373.66954,255,2109162445,4254824422,255,6.15E-4,5.16E-4,9.9E-5,93,99,0,0,4,0,3,1,1,2,0,0,0,1,5,0,Normal,0
23347,1.005904,tcp,http,FIN,12,18,1580,10168,28.82979,31,29,11523.96289,76381.04688,3,5,91.416088,59.142294,9530.041599,7673.965387,255,4031840333,4037069588,255,6.2E-4,4.81E-4,1.39E-4,132,565,1,3924,2,0,2,1,1,2,0,0,1,6,3,0,Normal,0
24134,0.133978,tcp,-,FIN,50,50,3062,32642,738.927318,31,29,179193.6094,1910164.375,7,18,2.784417,2.723633,0.0,4.395194,255,2199454121,147768275,255,6.3E-4,5.16E-4,1.14E-4,61,653,0,0,6,0,6,1,1,3,0,0,0,5,5,0,Normal,0
24297,0.048904,tcp,-,FIN,72,74,4238,63516,2964.992535,31,29,683788.625,1.0249959E7,7,30,0.683901,0.661808,41.791369,41.011145,255,2876161511,2876469276,255,7.11E-4,5.84E-4,1.27E-4,59,858,0,0,7,0,1,1,1,4,0,0,0,1,8,0,Normal,0
25256,0.292351,tcp,-,FIN,10,6,1526,268,51.308186,254,252,37598.64063,6129.618164,2,1,31.676444,44.546801,1810.522305,75.647883,255,3223687701,1562287744,255,0.124232,0.069614,0.054618,153,45,0,0,14,1,3,3,1,13,0,0,0,3,13,0,Normal,0
26143,0.001052,udp,dns,CON,2,2,130,162,2851.711087,31,29,494296.5938,615969.625,0,0,0.001,0.007,0.0,0.0,0,0,0,0,0.0,0.0,0.0,65,81,0,0,4,0,2,2,2,4,0,0,0,4,3,0,Normal,0
27035,1.150485,tcp,ftp-data,FIN,6,8,320,1910,11.299582,31,29,1856.608276,11626.40039,1,2,230.035,164.291859,16256.31473,402.110375,255,2369336413,2732282955,255,5.53E-4,4.39E-4,1.14E-4,53,239,0,0,3,0,1,1,1,5,0,0,0,2,2,0,Normal,0
28335,1.029752,tcp,http,FIN,12,18,1580,10168,28.16212,31,29,11257.0791,74612.14063,3,5,93.582544,60.541644,9533.297329,7676.985944,255,4215600927,2071271334,255,6.7E-4,5.4E-4,1.3E-4,132,565,1,3924,2,0,4,2,1,1,0,0,1,3,3,0,Normal,0
28628,0.024262,tcp,ssh,FIN,106,116,9400,12402,9108.894614,31,29,3070480.5,4054406.0,26,31,0.237109,0.212071,14.849779,13.092783,255,4132753031,4132994208,255,6.52E-4,5.06E-4,1.46E-4,89,107,0,0,1,0,1,1,1,1,0,0,0,1,1,0,Normal,0
28802,50.004375,ospf,-,REQ,6,0,384,0,0.099991,1,0,51.195518,0.0,0,0,10000.875,0.0,0.0,0.0,0,0,0,0,0.0,0.0,0.0,64,0,0,0,1,0,2,1,2,1,0,0,0,1,2,0,Normal,0
28807,0.648773,tcp,-,FIN,122,126,7820,15736,380.718671,31,29,95639.0,192511.0938,30,32,5.358876,5.186464,418.25871,414.680969,255,1879886090,1880896390,255,5.83E-4,4.62E-4,1.21E-4,64,125,0,0,9,0,3,1,1,3,0,0,0,3,6,0,Normal,0
31758,1.007757,tcp,http,FIN,12,18,1580,10168,28.77678,31,29,11502.77344,76240.60938,3,5,91.497815,59.249589,9530.1363,7674.699248,255,4177472943,4174328190,255,6.33E-4,5.11E-4,1.22E-4,132,565,1,3924,4,0,2,2,1,1,0,0,1,2,1,0,Normal,0
31958,0.036845,tcp,-,FIN,48,50,2958,33044,2632.650392,31,29,629013.4375,7031402.0,7,18,0.777255,0.741143,0.0,50.989693,255,1932924838,4115856608,255,6.64E-4,5.26E-4,1.38E-4,62,661,0,0,5,0,2,1,1,2,0,0,0,2,2,0,Normal,0
32356,0.00114,udp,dns,CON,2,2,146,178,2631.579064,31,29,512280.7188,624561.4375,0,0,0.01,0.007,0.0,0.0,0,0,0,0,0.0,0.0,0.0,73,89,0,0,5,0,3,1,1,2,0,0,0,1,5,0,Normal,0
32476,1.00464,tcp,http,FIN,14,18,1684,10168,30.856825,31,29,12454.21289,76477.14844,3,5,77.253921,59.064879,8762.416544,7675.316564,255,3652576138,3649550427,255,6.58E-4,5.33E-4,1.25E-4,120,565,1,0,1,0,2,1,1,1,0,0,1,3,2,0,Normal,0
32598,0.030864,tcp,-,FIN,60,64,3614,50140,3985.225464,31,29,921202.6875,1.2793416E7,7,24,0.517797,0.489,29.493458,27.972875,255,388020753,388309544,255,6.57E-4,5.37E-4,1.2E-4,60,783,0,0,7,0,4,1,1,1,0,0,0,2,6,0,Normal,0
32718,1.084818,tcp,http,FIN,14,18,1684,10168,28.576222,31,29,11533.73145,70824.78125,3,5,83.421772,63.78,8785.683878,7696.037282,255,1228022108,1229094310,255,6.74E-4,5.55E-4,1.19E-4,120,565,1,3924,2,0,3,1,1,2,0,0,1,4,4,0,Normal,0
33503,0.004197,tcp,ftp-data,FIN,10,12,528,8824,5003.57391,31,29,907314.75,1.5418632E7,1,4,0.424667,0.337545,25.548651,20.929265,255,1210738552,3367253784,255,6.07E-4,4.81E-4,1.26E-4,53,735,0,0,3,0,9,1,1,4,0,0,0,7,3,0,Normal,0
33799,0.008424,udp,dns,CON,2,2,146,178,356.125361,31,29,69325.73438,84520.42188,0,0,0.005,0.003,0.0,0.0,0,0,0,0,0.0,0.0,0.0,73,89,0,0,2,0,2,2,1,4,0,0,0,3,3,0,Normal,0
34107,0.00107,udp,dns,CON,2,2,130,162,2803.738322,31,29,485981.3125,605607.5,0,0,0.008,0.007,0.0,0.0,0,0,0,0,0.0,0.0,0.0,65,81,0,0,2,0,1,2,1,1,0,0,0,2,3,0,Normal,0
34331,0.001005,udp,dns,CON,2,2,146,178,2985.074718,31,29,581094.5625,708457.75,0,0,0.009,0.007,0.0,0.0,0,0,0,0,0.0,0.0,0.0,73,89,0,0,5,0,6,2,1,2,0,0,0,2,5,0,Normal,0
34797,1.870293,tcp,ftp,FIN,52,54,2934,3742,56.140936,31,29,12310.37012,15710.90723,11,15,37.39794,35.279699,2531.797762,87.085766,255,1879265749,4118565545,255,5.85E-4,4.65E-4,1.2E-4,56,69,0,0,1,0,2,1,1,5,1,1,0,3,1,0,Normal,0
35772,0.001677,udp,-,CON,4,4,544,304,4174.120543,31,29,1946332.75,1087656.5,0,0,0.431667,0.197667,0.606934,0.273896,0,0,0,0,0.0,0.0,0.0,136,76,0,0,14,0,4,1,1,9,0,0,0,3,13,0,Normal,0
37132,0.392324,tcp,-,FIN,232,438,13350,548216,1705.223231,31,29,271061.6875,1.1153332E7,21,197,1.704383,0.89665,92.124844,54.584484,255,2764263154,2771963598,255,6.15E-4,4.85E-4,1.3E-4,58,1252,0,0,11,0,4,2,1,5,0,0,0,5,8,0,Normal,0
37322,0.005367,tcp,ftp-data,FIN,6,8,320,1946,2422.209746,31,29,397987.6875,2538475.75,1,2,1.0118,0.688571,62.360181,1.395593,255,3204917208,1063691872,255,6.9E-4,5.43E-4,1.47E-4,53,243,0,0,6,0,9,1,1,6,0,0,0,11,3,0,Normal,0
37683,1.252012,tcp,http,FIN,14,18,1684,10168,24.760146,31,29,9993.514648,61366.82422,3,5,96.276849,73.614,9499.108433,8317.145227,255,604559526,2783332173,255,7.23E-4,5.7E-4,1.53E-4,120,565,1,3924,1,0,6,1,1,2,0,0,1,7,2,0,Normal,0
37908,1.008899,tcp,http,FIN,14,18,1684,10168,30.726565,31,29,12401.6377,76154.30469,3,5,77.517695,59.317882,8765.407304,7677.303228,255,686618944,2833012917,255,6.14E-4,4.9E-4,1.24E-4,120,565,1,3924,2,0,3,1,1,1,0,0,1,1,6,0,Normal,0
39526,0.028886,tcp,-,FIN,44,46,2766,27770,3081.077371,31,29,748874.875,7523921.5,7,16,0.664372,0.630889,44.136352,43.008622,255,3044595483,895250297,255,6.08E-4,4.92E-4,1.16E-4,63,604,0,0,6,0,1,1,1,2,0,0,0,5,2,0,Normal,0
39661,0.017495,tcp,-,FIN,16,18,1540,1644,1886.253136,31,29,660302.9375,710145.75,4,4,1.1456,1.002235,69.730076,1.917005,255,967540582,973091306,255,5.78E-4,4.53E-4,1.25E-4,96,91,0,0,8,0,14,4,1,6,0,0,0,8,9,0,Normal,0
40775,0.001743,udp,-,CON,4,4,528,304,4016.064255,31,29,1817555.875,1046471.625,0,0,0.437,0.216,0.614477,0.298399,0,0,0,0,0.0,0.0,0.0,132,76,0,0,5,0,6,1,1,4,0,0,0,5,7,0,Normal,0
40934,0.621764,tcp,-,FIN,16,10,900,556,40.208182,254,252,10859.42578,6446.175781,5,3,41.399535,64.817668,2121.611173,78.135508,255,1117097686,1513597644,255,0.117775,0.038402,0.079373,56,56,0,0,7,1,2,2,1,7,0,0,0,2,7,0,Normal,0
41474,0.837597,tcp,-,FIN,10,6,534,268,17.908373,254,252,4594.094727,2139.453613,2,1,88.699222,146.757406,4741.753161,222.144234,255,1371837066,2184077659,255,0.203298,0.103809,0.099489,53,45,0,0,5,1,1,1,1,4,0,0,0,1,5,0,Normal,0
41663,1.02263,tcp,-,FIN,16,14,5926,764,28.358253,254,252,43464.40234,5554.306152,5,4,68.175333,75.582766,4317.691841,111.635258,255,1604771735,1520251848,255,0.102197,0.039339,0.062858,370,55,0,0,4,1,1,1,1,4,0,0,0,1,4,0,Normal,0
42286,1.0E-5,udp,-,INT,2,0,1064,0,100000.0025,254,0,4.256E8,0.0,0,0,0.01,0.0,0.0,0.0,0,0,0,0,0.0,0.0,0.0,532,0,0,0,34,2,14,14,1,34,0,0,0,14,34,0,Normal,0
42577,0.476335,tcp,-,FIN,10,8,490,354,35.689169,254,252,7406.552246,5206.419922,2,1,52.814,60.315855,3631.667431,115.654617,255,4146991869,1740587397,255,0.108531,0.054116,0.054415,49,44,0,0,11,1,2,2,1,11,0,0,0,2,11,0,Normal,0
42834,9.0E-6,udp,-,INT,2,0,78,0,111111.1072,254,0,3.4666664E7,0.0,0,0,0.009,0.0,0.0,0.0,0,0,0,0,0.0,0.0,0.0,39,0,0,0,7,2,2,2,1,6,0,0,0,3,8,0,Normal,0
43070,1.351959,tcp,-,FIN,10,8,656,354,12.574346,254,252,3497.147461,1834.375122,2,0,7091.9626,8861.368,695695.8749,22992.318,255,1104119080,1558690931,255,0.120472,0.059045,0.061427,66,44,0,0,4,1,2,2,2,3,0,0,0,4,3,0,Normal,0
44391,0.458704,tcp,-,FIN,10,6,574,268,32.700827,254,252,9016.708008,3906.658691,2,1,50.967111,81.793398,2508.08462,125.057812,255,3642185644,3358945667,255,0.147069,0.049093,0.097976,57,45,0,0,12,1,3,3,1,12,0,0,0,3,13,0,Normal,0
44444,0.247269,tcp,-,FIN,10,6,484,268,60.662678,254,252,14106.09473,7247.167969,2,1,27.371333,39.742199,1401.203499,60.040078,255,3253562643,1864130357,255,0.095504,0.048554,0.04695,48,45,0,0,8,1,2,2,1,8,0,0,0,2,8,0,Normal,0
45219,0.527782,tcp,-,FIN,10,6,534,268,28.420824,254,252,7290.888672,3395.341064,2,1,53.484889,82.331203,2781.33814,122.937562,255,266519893,714005055,255,0.170802,0.116117,0.054685,53,45,0,0,4,1,1,1,1,3,0,0,0,2,3,0,Normal,0
45237,1.357027,tcp,-,FIN,10,6,534,268,11.053575,254,252,2835.610352,1320.533691,2,1,142.301444,256.975,9062.145969,445.67575,255,2323443717,3226894364,255,0.18727,0.072145,0.115125,53,45,0,0,4,1,2,1,1,3,0,0,0,3,3,0,Normal,0
45667,11.026299,tcp,-,REQ,4,0,180,0,0.272077,254,0,97.947639,0.0,3,0,3675.433,0.0,5197.842,0.0,255,0,0,0,0.0,0.0,0.0,45,0,0,0,52,6,27,2,2,51,0,0,0,27,51,0,Normal,0
45754,10.325635,tcp,-,REQ,6,0,270,0,0.484232,254,0,174.323425,0.0,5,0,2065.127,0.0,3566.061,0.0,255,0,0,0,0.0,0.0,0.0,45,0,0,0,28,6,10,2,2,26,0,0,0,11,26,0,Normal,0
45983,13.076258,tcp,-,REQ,8,0,360,0,0.535321,254,0,192.715683,0.0,7,0,1868.036875,0.0,3764.0665,0.0,255,0,0,0,0.0,0.0,0.0,45,0,0,0,27,6,10,1,1,28,0,0,0,10,27,0,Normal,0
47199,1.001018,tcp,-,FIN,10,6,534,268,14.984745,254,252,3844.086426,1790.17749,2,1,111.092333,168.713,5563.206348,268.02475,255,275090092,3921203808,255,0.31098,0.157445,0.153535,53,45,0,0,2,1,1,1,1,2,0,0,0,1,2,0,Normal,0
65083,1.008929,tcp,-,FIN,20,10,6240,556,28.74335,254,252,47004.29688,3972.529297,6,3,53.101526,94.688891,3275.279259,158.172453,255,4007483607,1283794070,255,0.165454,0.127732,0.037722,312,56,0,0,7,1,1,1,1,6,0,0,0,1,6,0,Normal,0
65616,1.0E-5,udp,-,INT,2,0,1064,0,100000.0025,254,0,4.256E8,0.0,0,0,0.01,0.0,0.0,0.0,0,0,0,0,0.0,0.0,0.0,532,0,0,0,7,2,2,2,1,7,0,0,0,2,7,0,Normal,0
74165,0.661586,tcp,-,FIN,10,6,616,268,22.67279,254,252,6711.145996,2708.642578,2,1,71.362333,118.334797,3966.895015,193.715984,255,154808051,3194854331,255,0.136256,0.069909,0.066347,62,45,0,0,8,1,2,2,1,8,0,0,0,2,8,0,Normal,0
75295,1.731659,tcp,-,FIN,204,34,258396,1472,136.862969,254,252,1187901.25,6601.76123,99,1,8.335867,51.039211,925.680436,58.104758,255,1369382770,399539170,255,0.110645,0.047357,0.063288,1267,43,0,0,11,1,2,1,1,2,0,0,0,4,2,0,Normal,0
84420,0.596314,tcp,-,FIN,10,6,622,268,25.154532,254,252,7512.820312,3005.128174,2,1,63.533444,90.179203,3244.125385,130.04068,255,1460675637,3332193389,255,0.209487,0.14541,0.064077,62,45,0,0,3,1,1,1,1,3,0,0,0,1,4,0,Normal,0
85422,7.0E-6,udp,-,INT,2,0,1926,0,142857.1409,254,0,1.100571392E9,0.0,0,0,0.007,0.0,0.0,0.0,0,0,0,0,0.0,0.0,0.0,963,0,0,0,39,2,14,14,1,39,0,0,0,14,39,0,Normal,0
88394,1.595955,tcp,http,FIN,10,10,810,1176,11.905097,62,252,3654.238281,5308.42041,2,2,177.328333,161.135672,11479.08521,239.870969,255,3460607271,1206711933,255,0.206571,0.10059,0.105981,81,118,1,129,3,1,2,2,2,3,0,0,4,2,3,0,Normal,0
91259,0.585206,tcp,http,FIN,10,8,810,1176,29.049601,62,252,9965.72168,14066.8418,2,2,65.022889,71.37243,3362.965417,117.27943,255,3925200551,1970589155,255,0.13566,0.084964,0.050696,81,147,1,186,4,1,1,1,1,2,0,0,1,1,2,0,Normal,0
100642,0.493087,tcp,-,FIN,12,8,1058,748,38.532754,254,252,15737.58789,10626.92773,3,2,41.996365,60.68943,2135.450745,85.715328,255,2833744431,3305726021,255,0.125919,0.068252,0.057667,88,94,0,0,6,1,1,1,1,6,0,0,0,1,7,0,Normal,0
105011,0.734045,tcp,-,FIN,10,6,588,268,20.434714,254,252,5776.212402,2441.26709,2,1,81.473222,121.068203,4014.99093,181.934,255,2061234658,1665844495,255,0.244485,0.1287,0.115785,59,45,0,0,4,1,1,1,1,4,0,0,0,2,4,0,Normal,0
106856,1.404612,tcp,ftp,FIN,12,12,632,682,16.374629,254,252,3303.403564,3565.397461,3,4,127.691994,118.54582,6626.160464,181.467234,255,716784276,2462270356,255,0.198862,0.100084,0.098778,53,57,0,0,2,1,1,1,1,2,0,0,0,2,2,0,Normal,0
108988,0.0,arp,-,INT,1,0,46,0,0.0,0,0,0.0,0.0,0,0,60000.744,0.0,0.0,0.0,0,0,0,0,0.0,0.0,0.0,46,0,0,0,2,2,2,2,2,2,0,0,0,2,2,1,Normal,0
109516,0.0,arp,-,INT,1,0,46,0,0.0,0,0,0.0,0.0,0,0,60000.572,0.0,10.954503,0.0,0,0,0,0,0.0,0.0,0.0,46,0,0,0,2,2,2,2,2,2,0,0,0,2,2,1,Normal,0
111513,0.0,arp,-,INT,1,0,46,0,0.0,0,0,0.0,0.0,0,0,60000.696,0.0,15.492023,0.0,0,0,0,0,0.0,0.0,0.0,46,0,0,0,2,2,2,2,2,2,0,0,0,2,2,1,Normal,0
112112,0.0,arp,-,INT,1,0,46,0,0.0,0,0,0.0,0.0,0,0,60000.704,0.0,15.492024,0.0,0,0,0,0,0.0,0.0,0.0,46,0,0,0,2,2,2,2,2,2,0,0,0,2,2,1,Normal,0
48249,1.0E-5,udp,-,INT,2,0,104,0,100000.0025,254,0,4.16E7,0.0,0,0,0.01,0.0,0.0,0.0,0,0,0,0,0.0,0.0,0.0,52,0,0,0,4,2,1,1,1,3,0,0,0,1,3,0,Fuzzers,1
48902,0.801351,tcp,-,FIN,12,8,1066,734,23.709959,254,252,9763.511719,6419.159668,3,2,71.605909,102.662,3995.697214,163.372391,255,3207298096,3757167157,255,0.124429,0.082712,0.041717,89,92,0,0,3,1,9,1,1,3,0,0,0,1,3,0,Fuzzers,1
49993,3.956003,udp,dns,INT,116,0,17078,0,29.069746,254,0,34238.59766,0.0,0,0,34.400027,0.0,38.490184,0.0,0,0,0,0,0.0,0.0,0.0,147,0,0,0,2,2,2,2,2,2,0,0,0,2,2,0,Fuzzers,1
50607,2.060678,tcp,-,FIN,10,8,564,354,8.249712,254,252,1972.166382,1203.487427,2,1,224.221667,281.742844,13833.61675,429.766344,255,2933338584,4085545447,255,0.16397,0.088467,0.075503,56,44,0,0,5,1,1,1,1,1,0,0,0,1,1,0,Reconnaissance,1
51454,2.21056,tcp,-,FIN,60,318,2826,397822,170.545014,62,252,10057.17969,1435187.375,6,157,37.467118,6.917006,1844.701167,778.977335,255,3382924811,243572720,255,0.061989,0.016999,0.04499,47,1251,0,0,2,1,2,1,1,2,0,0,0,2,2,0,Exploits,1
52499,0.448814,tcp,http,FIN,10,6,1062,268,33.421417,254,252,17040.4668,3992.745361,2,1,49.688,72.159602,2537.693283,97.269602,255,3371551099,145094989,255,0.182679,0.088013,0.094666,106,45,1,0,1,1,1,1,1,1,0,0,1,2,1,0,Exploits,1
53087,1.0E-6,udp,-,INT,2,0,168,0,1000000.003,254,0,6.72E8,0.0,0,0,0.001,0.0,0.0,0.0,0,0,0,0,0.0,0.0,0.0,84,0,0,0,9,2,1,1,1,2,0,0,0,4,2,0,Reconnaissance,1
53967,6.0E-6,swipe,-,INT,2,0,200,0,166666.6608,254,0,1.33333328E8,0.0,0,0,0.006,0.0,0.0,0.0,0,0,0,0,0.0,0.0,0.0,100,0,0,0,6,2,1,1,1,6,0,0,0,19,6,0,Exploits,1
54495,6.0E-6,unas,-,INT,2,0,200,0,166666.6608,254,0,1.33333328E8,0.0,0,0,0.006,0.0,0.0,0.0,0,0,0,0,0.0,0.0,0.0,100,0,0,0,2,2,2,1,1,2,0,0,0,1,2,0,Exploits,1
57747,5.0E-6,iplt,-,INT,2,0,200,0,200000.0051,254,0,1.6E8,0.0,0,0,0.005,0.0,0.0,0.0,0,0,0,0,0.0,0.0,0.0,100,0,0,0,3,2,1,1,1,4,0,0,0,1,3,0,DoS,1
58155,0.972206,tcp,-,FIN,18,20,1026,5746,38.057778,62,252,7973.618652,44920.51953,6,8,57.188588,50.254314,3268.055948,3142.093043,255,4154562236,259874771,255,0.042263,0.0167,0.025563,57,287,0,0,1,1,1,1,1,1,0,0,0,1,1,0,Exploits,1
60758,0.969905,tcp,-,FIN,10,6,534,268,15.465432,254,252,3967.398682,1847.603638,2,1,102.199889,173.173,5848.601836,279.828,255,721123056,4218869107,255,0.184617,0.104037,0.08058,53,45,0,0,1,1,1,1,1,1,0,0,0,1,1,0,Fuzzers,1
61054,0.524614,tcp,http,FIN,16,12,3558,2162,51.466414,254,252,50871.69141,30224.12891,5,4,34.974267,46.24209,1771.183864,61.387047,255,2180010890,2054320541,255,0.053336,0.007154,0.046182,222,180,1,0,1,1,1,1,1,1,0,0,1,1,1,0,Exploits,1
61313,0.674714,tcp,-,FIN,12,8,1040,742,28.160078,254,252,11311.45898,7706.96875,3,2,59.989548,88.73143,3453.784302,160.106063,255,1329785114,1743323148,255,0.100492,0.053586,0.046906,87,93,0,0,8,1,1,1,1,3,0,0,0,2,3,0,Fuzzers,1
61650,0.626816,tcp,http,FIN,10,6,920,268,23.930469,254,252,10567.69531,2858.893311,2,1,69.639444,117.263797,4117.458287,210.943781,255,907341078,2587344979,255,0.095692,0.040494,0.055198,92,45,1,0,1,1,1,1,1,1,0,0,1,2,1,0,Reconnaissance,1
66279,9.0E-6,bna,-,INT,2,0,200,0,111111.1072,254,0,8.8888888E7,0.0,0,0,0.009,0.0,0.0,0.0,0,0,0,0,0.0,0.0,0.0,100,0,0,0,4,2,2,2,2,4,0,0,0,2,4,0,Fuzzers,1
67642,3.0E-6,unas,-,INT,2,0,200,0,333333.3215,254,0,2.66666656E8,0.0,0,0,0.003,0.0,0.0,0.0,0,0,0,0,0.0,0.0,0.0,100,0,0,0,6,2,3,3,3,6,0,0,0,23,6,0,Exploits,1
68059,0.431817,tcp,ftp-data,FIN,8,8,364,854,34.736938,62,252,5909.911133,13857.72266,1,2,61.688143,53.919285,3961.922499,116.489609,255,2966186175,1851882647,255,0.095275,0.047064,0.048211,46,107,0,0,1,1,1,1,1,2,0,0,0,1,1,0,Exploits,1
70476,0.872972,tcp,smtp,FIN,22,20,2885,1834,46.965996,62,252,25237.92188,15973.02051,8,8,41.570097,45.568633,1961.605342,51.520957,255,1806085899,1592298205,255,0.051415,0.006553,0.044862,131,92,0,0,2,1,1,1,1,2,0,0,0,1,2,0,Exploits,1
73397,58.737652,ospf,-,INT,34,0,3672,0,0.56182,254,0,485.412659,0.0,0,0,1779.929,0.0,1999.1395,0.0,0,0,0,0,0.0,0.0,0.0,108,0,0,0,2,2,1,2,1,1,0,0,0,2,1,0,Fuzzers,1
74261,0.626877,tcp,-,FIN,10,8,564,354,27.118557,254,252,6482.930176,3956.118896,2,1,69.153556,88.673,5455.189936,138.759781,255,4063337108,4116400843,255,0.050836,0.006157,0.044679,56,44,0,0,1,1,1,1,1,1,0,0,0,1,1,0,Reconnaissance,1
74719,5.0E-6,udp,-,INT,2,0,168,0,200000.0051,254,0,1.344E8,0.0,0,0,0.005,0.0,0.0,0.0,0,0,0,0,0.0,0.0,0.0,84,0,0,0,3,2,1,1,1,1,0,0,0,1,1,0,Reconnaissance,1
75064,1.609517,tcp,smtp,FIN,24,20,6067,1700,26.71609,62,252,28903.08203,8027.25293,9,8,69.944436,80.504578,3566.266508,99.568008,255,2714873746,1716720507,255,0.133725,0.079925,0.0538,253,85,0,0,1,1,1,1,1,1,0,0,0,1,1,0,Exploits,1
75690,1.176412,tcp,-,FIN,28,82,1436,86860,92.654615,62,252,9418.46875,583475.875,6,39,43.570815,14.156975,2227.441351,1296.277231,255,375787421,644270703,255,0.056133,0.009091,0.047042,51,1059,0,0,1,1,1,1,1,1,0,0,0,1,1,0,Exploits,1
79393,0.947158,tcp,-,FIN,10,6,534,268,15.836851,254,252,4062.680176,1891.97583,2,1,104.070222,177.382,6343.205576,327.449031,255,2483259741,3850253614,255,0.122799,0.06024,0.062559,53,45,0,0,2,1,1,1,1,2,0,0,0,1,2,0,Fuzzers,1
79589,1.292231,tcp,-,FIN,10,8,1014,354,13.155543,254,252,5652.240234,1919.161621,2,1,143.581222,178.400281,10596.89165,271.647219,255,3179473631,647310164,255,0.104045,0.041999,0.062046,101,44,0,0,1,1,2,1,1,1,0,0,0,28,2,0,Fuzzers,1
80792,17.781,ospf,-,INT,22,0,5984,0,1.181036,254,0,2569.934082,0.0,0,0,846.714313,0.0,1094.3595,0.0,0,0,0,0,0.0,0.0,0.0,272,0,0,0,1,2,2,1,1,3,0,0,0,2,1,0,Reconnaissance,1
81085,9.0E-6,ipv6,-,INT,2,0,200,0,111111.1072,254,0,8.8888888E7,0.0,0,0,0.009,0.0,0.0,0.0,0,0,0,0,0.0,0.0,0.0,100,0,0,0,5,2,2,2,2,5,0,0,0,2,5,0,DoS,1
82155,0.199049,tcp,-,FIN,10,6,634,268,75.35833,254,252,22949.12305,9002.808594,2,1,20.390889,38.187,1092.454539,65.304023,255,4181303234,2449429650,255,0.056165,0.008111,0.048054,63,45,0,0,1,1,1,1,1,1,0,0,0,1,2,0,Shellcode,1
83908,1.0E-5,unas,-,INT,2,0,200,0,100000.0025,254,0,8.0E7,0.0,0,0,0.01,0.0,0.0,0.0,0,0,0,0,0.0,0.0,0.0,100,0,0,0,9,2,6,5,5,13,0,0,0,6,9,0,Analysis,1
84579,7.0E-6,udp,-,INT,2,0,168,0,142857.1409,254,0,9.6E7,0.0,0,0,0.007,0.0,0.0,0.0,0,0,0,0,0.0,0.0,0.0,84,0,0,0,1,2,1,1,1,1,0,0,0,2,1,0,Reconnaissance,1
87251,0.920767,tcp,-,FIN,14,10,774,556,24.979175,254,252,6246.96582,4352.892578,4,3,70.828231,97.945445,3581.083587,137.183922,255,2708799869,4088037673,255,0.12462,0.038539,0.086081,55,56,0,0,1,1,1,1,1,1,0,0,0,1,1,0,Fuzzers,1
88282,0.866353,tcp,-,FIN,32,14,27212,728,51.941877,254,252,243429.6406,6242.259277,13,3,27.40371,61.34223,2365.476065,88.794664,255,1217789649,2036685829,255,0.117147,0.068896,0.048251,850,52,0,0,4,1,1,1,1,4,0,0,0,1,4,0,Fuzzers,1
88283,1.0E-5,unas,-,INT,2,0,200,0,100000.0025,254,0,8.0E7,0.0,0,0,0.01,0.0,0.0,0.0,0,0,0,0,0.0,0.0,0.0,100,0,0,0,12,2,5,4,4,14,0,0,0,5,12,0,Exploits,1
88475,19.206896,tcp,-,FIN,410,2646,17868,3537086,159.057457,62,252,7424.416992,1472700.25,6,1320,46.960625,7.247264,2594.12589,1008.16615,255,3390915672,1893199565,255,0.06366,0.013491,0.050169,44,1337,0,0,2,1,1,1,1,1,0,0,0,1,1,0,Exploits,1
89865,9.0E-6,udp,-,INT,2,0,478,0,111111.1072,254,0,2.12444432E8,0.0,0,0,0.009,0.0,0.0,0.0,0,0,0,0,0.0,0.0,0.0,239,0,0,0,24,2,6,5,1,24,0,0,0,5,24,0,Fuzzers,1
91416,9.0E-6,ippc,-,INT,2,0,200,0,111111.1072,254,0,8.8888888E7,0.0,0,0,0.009,0.0,0.0,0.0,0,0,0,0,0.0,0.0,0.0,100,0,0,0,12,2,4,3,3,16,0,0,0,4,12,0,Exploits,1
92827,59.687565,ospf,-,INT,106,0,28832,0,1.75916,254,0,3827.933105,0.0,0,0,568.453062,0.0,716.658688,0.0,0,0,0,0,0.0,0.0,0.0,272,0,0,0,1,2,1,1,1,1,0,0,0,1,1,0,DoS,1
94864,0.272596,tcp,http,FIN,10,8,808,934,62.363351,62,252,21364.95117,24006.2207,2,2,30.288444,37.810285,1480.225856,53.755754,255,2801226965,2429232642,255,0.052124,0.007258,0.044866,81,117,1,52,1,1,1,1,1,1,0,0,1,1,1,0,DoS,1
95779,0.281736,tcp,http,FIN,12,20,866,18732,110.032092,62,252,22545.92969,505324.1563,2,8,25.612364,12.045369,1437.797476,1143.232457,255,887056456,144928744,255,0.103888,0.052181,0.051707,72,937,1,8704,1,1,1,1,1,1,0,0,1,1,1,0,Exploits,1
97558,1.462146,tcp,ftp-data,FIN,8,8,364,1528,10.258893,62,252,1745.379639,7315.274902,1,2,208.739286,198.223719,13990.68819,319.851313,255,1928275840,4267817112,255,0.150189,0.074576,0.075613,46,191,0,0,1,1,2,1,1,2,0,0,0,2,1,0,Exploits,1
97859,1.0E-5,udp,-,INT,2,0,984,0,100000.0025,254,0,3.936E8,0.0,0,0,0.01,0.0,0.0,0.0,0,0,0,0,0.0,0.0,0.0,492,0,0,0,5,2,3,3,1,5,0,0,0,3,5,0,Fuzzers,1
98786,0.285564,tcp,http,FIN,10,14,790,10728,80.542364,62,252,19918.47656,279082.7813,2,5,31.660667,19.244385,1582.327927,1435.170893,255,406750217,3127367007,255,0.074161,0.035381,0.03878,79,766,1,4842,1,1,1,1,1,1,0,0,1,10,1,0,Exploits,1
102379,0.946573,tcp,-,FIN,10,8,564,354,17.959523,254,252,4293.382324,2619.977539,2,1,100.852667,127.057859,6458.269939,184.802391,255,36298294,4173694875,255,0.137799,0.057159,0.08064,56,44,0,0,7,1,1,1,1,1,0,0,0,2,1,0,Reconnaissance,1
104499,8.0E-6,udp,-,INT,2,0,104,0,125000.0003,254,0,5.2E7,0.0,0,0,0.008,0.0,0.0,0.0,0,0,0,0,0.0,0.0,0.0,52,0,0,0,13,2,1,1,1,4,0,0,0,2,4,0,Fuzzers,1
106164,6.0E-6,ttp,-,INT,2,0,200,0,166666.6608,254,0,1.33333328E8,0.0,0,0,0.006,0.0,0.0,0.0,0,0,0,0,0.0,0.0,0.0,100,0,0,0,3,2,3,3,3,3,0,0,0,3,3,0,Fuzzers,1
106299,9.0E-6,unas,-,INT,2,0,200,0,111111.1072,254,0,8.8888888E7,0.0,0,0,0.009,0.0,0.0,0.0,0,0,0,0,0.0,0.0,0.0,100,0,0,0,4,2,3,3,3,4,0,0,0,3,4,0,Exploits,1
109491,4.0E-6,unas,-,INT,2,0,200,0,250000.0006,254,0,2.0E8,0.0,0,0,0.004,0.0,0.0,0.0,0,0,0,0,0.0,0.0,0.0,100,0,0,0,3,2,2,2,2,3,0,0,0,2,3,0,Backdoor,1
113363,8.359896,tcp,smtp,FIN,566,106,740789,5604,80.264159,62,252,707646.125,5312.984863,280,8,14.794756,78.684352,1655.556692,90.473641,255,1967478921,674652641,255,0.193179,0.098034,0.095145,1309,53,0,0,1,1,1,1,1,1,0,0,0,2,1,0,Exploits,1
114263,9.0E-6,udp,-,INT,2,0,104,0,111111.1072,254,0,4.622222E7,0.0,0,0,0.009,0.0,0.0,0.0,0,0,0,0,0.0,0.0,0.0,52,0,0,0,5,2,1,1,1,2,0,0,0,2,3,0,Fuzzers,1
117026,3.0E-6,i-nlsp,-,INT,2,0,200,0,333333.3215,254,0,2.66666656E8,0.0,0,0,0.003,0.0,0.0,0.0,0,0,0,0,0.0,0.0,0.0,100,0,0,0,8,2,4,1,1,15,0,0,0,4,8,0,Exploits,1
118312,3.0E-6,udp,dns,INT,2,0,114,0,333333.3215,254,0,1.52E8,0.0,0,0,0.003,0.0,0.0,0.0,0,0,0,0,0.0,0.0,0.0,57,0,0,0,18,2,18,18,18,18,0,0,0,18,18,0,Generic,1
118470,8.0E-6,udp,dns,INT,2,0,114,0,125000.0003,254,0,5.7E7,0.0,0,0,0.008,0.0,0.0,0.0,0,0,0,0,0.0,0.0,0.0,57,0,0,0,30,2,12,12,12,30,0,0,0,12,30,0,Generic,1
119646,9.0E-6,unas,-,INT,2,0,200,0,111111.1072,254,0,8.8888888E7,0.0,0,0,0.009,0.0,0.0,0.0,0,0,0,0,0.0,0.0,0.0,100,0,0,0,5,2,3,2,2,5,0,0,0,5,5,0,DoS,1
119716,1.0E-6,udp,dns,INT,2,0,114,0,1000000.003,254,0,4.56E8,0.0,0,0,0.001,0.0,0.0,0.0,0,0,0,0,0.0,0.0,0.0,57,0,0,0,15,2,15,14,14,15,0,0,0,15,15,0,Generic,1
119972,3.0E-6,udp,dns,INT,2,0,114,0,333333.3215,254,0,1.52E8,0.0,0,0,0.003,0.0,0.0,0.0,0,0,0,0,0.0,0.0,0.0,57,0,0,0,16,2,15,15,8,16,0,0,0,15,16,0,Generic,1
122421,9.0E-6,unas,-,INT,2,0,200,0,111111.1072,254,0,8.8888888E7,0.0,0,0,0.009,0.0,0.0,0.0,0,0,0,0,0.0,0.0,0.0,100,0,0,0,6,2,2,2,2,6,0,0,0,3,6,0,Exploits,1
125454,9.0E-6,udp,dns,INT,2,0,114,0,111111.1072,254,0,5.0666664E7,0.0,0,0,0.009,0.0,0.0,0.0,0,0,0,0,0.0,0.0,0.0,57,0,0,0,16,2,17,16,16,16,0,0,0,17,16,0,Generic,1
130027,6.0E-6,udp,dns,INT,2,0,114,0,166666.6608,254,0,7.6E7,0.0,0,0,0.006,0.0,0.0,0.0,0,0,0,0,0.0,0.0,0.0,57,0,0,0,28,2,12,12,12,28,0,0,0,12,28,0,Generic,1
130329,1.822689,tcp,-,FIN,16,12,1424,642,14.813278,254,252,5859.474609,2585.191406,5,3,118.367601,155.503359,6230.160805,220.879719,255,1594140840,501839172,255,0.207471,0.112143,0.095328,89,54,0,0,2,1,1,1,1,2,0,0,0,1,2,0,Fuzzers,1
130495,5.0E-6,udp,dns,INT,2,0,114,0,200000.0051,254,0,9.12E7,0.0,0,0,0.005,0.0,0.0,0.0,0,0,0,0,0.0,0.0,0.0,57,0,0,0,30,2,12,12,12,30,0,0,0,12,30,0,Generic,1
135794,8.0E-6,udp,dns,INT,2,0,114,0,125000.0003,254,0,5.7E7,0.0,0,0,0.008,0.0,0.0,0.0,0,0,0,0,0.0,0.0,0.0,57,0,0,0,34,2,34,34,16,34,0,0,0,34,34,0,Generic,1
136911,3.0E-6,udp,dns,INT,2,0,114,0,333333.3215,254,0,1.52E8,0.0,0,0,0.003,0.0,0.0,0.0,0,0,0,0,0.0,0.0,0.0,57,0,0,0,7,2,7,7,7,7,0,0,0,9,7,0,Generic,1
137609,0.95322,tcp,-,FIN,14,8,6600,812,22.030591,254,252,51438.28125,5967.143066,4,2,71.855233,127.947,4625.796573,219.331719,255,1914200589,996178066,255,0.122828,0.057583,0.065245,471,102,0,0,1,1,1,1,1,1,0,0,0,1,1,0,Exploits,1
137711,8.0E-6,unas,-,INT,2,0,200,0,125000.0003,254,0,1.0E8,0.0,0,0,0.008,0.0,0.0,0.0,0,0,0,0,0.0,0.0,0.0,100,0,0,0,6,2,2,2,2,6,0,0,0,3,6,0,Exploits,1
137817,9.0E-6,udp,dns,INT,2,0,114,0,111111.1072,254,0,5.0666664E7,0.0,0,0,0.009,0.0,0.0,0.0,0,0,0,0,0.0,0.0,0.0,57,0,0,0,27,2,16,16,16,27,0,0,0,16,27,0,Generic,1
138411,1.007627,tcp,-,FIN,32,14,26766,764,44.659382,254,252,205869.8281,5637.006348,12,4,32.475453,74.160922,2485.27146,115.488469,255,677781131,2801017141,255,0.086785,0.043529,0.043256,836,55,0,0,3,1,1,1,1,3,0,0,0,1,3,0,Fuzzers,1
141555,9.0E-6,udp,dns,INT,2,0,114,0,111111.1072,254,0,5.0666664E7,0.0,0,0,0.009,0.0,0.0,0.0,0,0,0,0,0.0,0.0,0.0,57,0,0,0,34,2,14,14,4,34,0,0,0,14,34,0,Generic,1
141642,5.0E-6,udp,dns,INT,2,0,114,0,200000.0051,254,0,9.12E7,0.0,0,0,0.005,0.0,0.0,0.0,0,0,0,0,0.0,0.0,0.0,57,0,0,0,33,2,16,16,16,33,0,0,0,16,33,0,Generic,1
142556,1.409524,tcp,-,FIN,60,14,68193,612,51.790535,254,252,380593.75,3229.458984,27,1,22.926441,97.063766,2354.4658,146.342922,255,312640594,2613084565,255,0.290306,0.147687,0.142619,1137,44,1,0,5,1,1,1,1,2,0,0,1,2,2,0,Fuzzers,1
144865,9.0E-6,udp,dns,INT,2,0,114,0,111111.1072,254,0,5.0666664E7,0.0,0,0,0.009,0.0,0.0,0.0,0,0,0,0,0.0,0.0,0.0,57,0,0,0,19,2,18,17,17,19,0,0,0,17,19,0,Generic,1
146757,1.285237,tcp,http,FIN,14,16,1524,10276,22.563933,62,252,8813.938477,59967.15234,4,6,98.796231,80.976869,5206.90844,5181.069343,255,2593448590,3567297796,255,0.141788,0.070578,0.07121,109,642,1,0,2,1,2,1,1,2,0,0,2,1,2,0,DoS,1
147822,7.0E-6,udp,dns,INT,2,0,114,0,142857.1409,254,0,6.5142856E7,0.0,0,0,0.007,0.0,0.0,0.0,0,0,0,0,0.0,0.0,0.0,57,0,0,0,31,2,18,18,10,31,0,0,0,18,31,0,Generic,1
147877,8.0E-6,vines,-,INT,2,0,200,0,125000.0003,254,0,1.0E8,0.0,0,0,0.008,0.0,0.0,0.0,0,0,0,0,0.0,0.0,0.0,100,0,0,0,4,2,2,2,2,4,0,0,0,2,4,0,Exploits,1
148211,9.0E-6,udp,dns,INT,2,0,114,0,111111.1072,254,0,5.0666664E7,0.0,0,0,0.009,0.0,0.0,0.0,0,0,0,0,0.0,0.0,0.0,57,0,0,0,23,2,1,1,1,23,0,0,0,1,23,0,Generic,1
148725,9.0E-6,udp,dns,INT,2,0,114,0,111111.1072,254,0,5.0666664E7,0.0,0,0,0.009,0.0,0.0,0.0,0,0,0,0,0.0,0.0,0.0,57,0,0,0,23,2,17,17,17,23,0,0,0,17,23,0,Generic,1
150980,8.0E-6,udp,dns,INT,2,0,114,0,125000.0003,254,0,5.7E7,0.0,0,0,0.008,0.0,0.0,0.0,0,0,0,0,0.0,0.0,0.0,57,0,0,0,27,2,12,12,12,27,0,0,0,12,27,0,Generic,1
151303,3.0E-6,udp,dns,INT,2,0,114,0,333333.3215,254,0,1.52E8,0.0,0,0,0.003,0.0,0.0,0.0,0,0,0,0,0.0,0.0,0.0,57,0,0,0,18,2,18,18,7,18,0,0,0,19,18,0,Generic,1
153661,4.0E-6,udp,dns,INT,2,0,114,0,250000.0006,254,0,1.14E8,0.0,0,0,0.004,0.0,0.0,0.0,0,0,0,0,0.0,0.0,0.0,57,0,0,0,28,2,17,17,17,28,0,0,0,18,28,0,Generic,1
153736,1.0E-6,udp,dns,INT,2,0,114,0,1000000.003,254,0,4.56E8,0.0,0,0,0.001,0.0,0.0,0.0,0,0,0,0,0.0,0.0,0.0,57,0,0,0,18,2,18,18,11,18,0,0,0,18,18,0,Generic,1
155782,0.485546,tcp,-,FIN,10,6,534,268,30.893057,254,252,7925.098633,3690.69043,2,1,51.209222,84.810797,2740.74321,128.930695,255,4197294027,2331018187,255,0.142279,0.061483,0.080796,53,45,0,0,4,1,1,2,1,3,0,0,0,2,3,0,Fuzzers,1
157982,2.188169,tcp,smtp,FIN,22,24,3909,1928,20.565139,62,252,13644.28418,6756.333496,8,8,104.198525,92.129391,5964.893301,124.303078,255,1800116000,4176098681,255,0.113988,0.068502,0.045486,178,80,0,0,1,1,2,1,1,1,0,0,0,18,1,0,Exploits,1
158877,2.343542,tcp,http,FIN,10,6,734,268,6.400568,254,252,2256.413574,764.65448,2,1,257.229667,449.838406,19358.63776,861.18025,255,2666736370,143302724,255,0.217218,0.094341,0.122877,73,45,1,0,1,1,2,1,1,1,0,0,1,1,2,0,Exploits,1
158896,5.0E-6,udp,dns,INT,2,0,114,0,200000.0051,254,0,9.12E7,0.0,0,0,0.005,0.0,0.0,0.0,0,0,0,0,0.0,0.0,0.0,57,0,0,0,23,2,19,19,9,23,0,0,0,19,23,0,Generic,1
159799,1.0E-6,udp,dns,INT,2,0,114,0,1000000.003,254,0,4.56E8,0.0,0,0,0.001,0.0,0.0,0.0,0,0,0,0,0.0,0.0,0.0,57,0,0,0,16,2,16,16,16,16,0,0,0,16,16,0,Generic,1
160661,9.0E-6,udp,dns,INT,2,0,114,0,111111.1072,254,0,5.0666664E7,0.0,0,0,0.009,0.0,0.0,0.0,0,0,0,0,0.0,0.0,0.0,57,0,0,0,33,2,16,16,16,34,0,0,0,17,33,0,Generic,1
161500,8.0E-6,udp,dns,INT,2,0,114,0,125000.0003,254,0,5.7E7,0.0,0,0,0.008,0.0,0.0,0.0,0,0,0,0,0.0,0.0,0.0,57,0,0,0,16,2,16,16,16,16,0,0,0,16,16,0,Generic,1
163266,2.635875,tcp,http,FIN,10,12,850,4806,7.966994,62,252,2321.80957,13372.40918,2,3,292.875,230.946818,22886.59324,18144.61465,255,675621479,4103727157,255,0.193472,0.094748,0.098724,85,401,1,1894,2,1,1,1,1,2,0,0,1,1,2,0,Exploits,1
163420,1.464498,tcp,-,FIN,36,144,1798,170035,122.226179,62,252,9554.126953,922391.125,6,70,41.842801,10.118797,2030.621222,1012.847076,255,275352649,3534445804,255,0.068764,0.016481,0.052283,50,1181,0,0,1,1,1,1,1,1,0,0,0,1,1,0,Exploits,1
164901,6.0E-6,udp,dns,INT,2,0,114,0,166666.6608,254,0,7.6E7,0.0,0,0,0.006,0.0,0.0,0.0,0,0,0,0,0.0,0.0,0.0,57,0,0,0,26,2,7,6,6,26,0,0,0,6,26,0,Generic,1
166136,9.0E-6,udp,-,INT,2,0,176,0,111111.1072,254,0,7.8222216E7,0.0,0,0,0.009,0.0,0.0,0.0,0,0,0,0,0.0,0.0,0.0,88,0,0,0,5,2,1,1,1,4,0,0,0,2,4,0,Fuzzers,1
168190,8.0E-6,udp,dns,INT,2,0,114,0,125000.0003,254,0,5.7E7,0.0,0,0,0.008,0.0,0.0,0.0,0,0,0,0,0.0,0.0,0.0,57,0,0,0,16,2,16,16,16,16,0,0,0,17,16,0,Generic,1
168749,4.0E-6,udp,dns,INT,2,0,114,0,250000.0006,254,0,1.14E8,0.0,0,0,0.004,0.0,0.0,0.0,0,0,0,0,0.0,0.0,0.0,57,0,0,0,16,2,6,6,6,16,0,0,0,6,16,0,Generic,1
169176,8.0E-6,udp,dns,INT,2,0,114,0,125000.0003,254,0,5.7E7,0.0,0,0,0.008,0.0,0.0,0.0,0,0,0,0,0.0,0.0,0.0,57,0,0,0,33,2,33,33,16,33,0,0,0,33,33,0,Generic,1
169793,9.0E-6,udp,-,INT,2,0,168,0,111111.1072,254,0,7.4666664E7,0.0,0,0,0.009,0.0,0.0,0.0,0,0,0,0,0.0,0.0,0.0,84,0,0,0,2,2,1,1,1,1,0,0,0,1,1,0,Reconnaissance,1
170995,9.0E-6,udp,dns,INT,2,0,114,0,111111.1072,254,0,5.0666664E7,0.0,0,0,0.009,0.0,0.0,0.0,0,0,0,0,0.0,0.0,0.0,57,0,0,0,17,2,19,17,17,17,0,0,0,18,17,0,Generic,1
171039,5.0E-6,udp,dns,INT,2,0,114,0,200000.0051,254,0,9.12E7,0.0,0,0,0.005,0.0,0.0,0.0,0,0,0,0,0.0,0.0,0.0,57,0,0,0,37,2,30,30,13,37,0,0,0,31,37,0,Generic,1
171137,1.333335,tcp,-,FIN,10,8,2234,354,12.749984,254,252,12065.98438,1859.997559,2,1,145.210222,210.124,8035.057325,322.153625,255,1363198408,1645579781,255,0.248161,0.072582,0.175579,223,44,0,0,3,1,1,1,1,1,0,0,0,2,1,0,Exploits,1
172689,8.0E-6,udp,dns,INT,2,0,114,0,125000.0003,254,0,5.7E7,0.0,0,0,0.008,0.0,0.0,0.0,0,0,0,0,0.0,0.0,0.0,57,0,0,0,26,2,16,16,16,26,0,0,0,17,26,0,Generic,1
174657,3.0E-6,udp,dns,INT,2,0,114,0,333333.3215,254,0,1.52E8,0.0,0,0,0.003,0.0,0.0,0.0,0,0,0,0,0.0,0.0,0.0,57,0,0,0,18,2,17,17,17,18,0,0,0,17,18,0,Generic,1
